{"Mexico": [19.4326009, -99.1333416], "Romania": [45.9852129, 24.6859225], "Sudan": [14.5844444, 29.4917691], "Libya": [26.8234472, 18.1236723], "Poland": [52.0977181, 19.0258159], "United States": [39.7837304, -100.4458825], "China": [35.000074, 104.999927], "Hong Kong": [22.2793278, 114.1628131], "Taiwan": [23.59829785, 120.835363138175], "Iran": [32.9407495, 52.9471344], "France": [46.603354, 1.8883335], "Syria": [34.6401861, 39.0494106], "Turkey": [38.9597594, 34.9249653], "Israel": [30.8760272, 35.0015196], "Iraq": [33.0955793, 44.1749775], "Australia": [-24.7761086, 134.755], "Spain": [39.3262345, -4.8380649], "Italy": [42.6384261, 12.674297], "Germany": [51.0834196, 10.4234469], "Russia": [64.6863136, 97.7453061], "Finland": [63.2467777, 25.9209164], "Estonia": [58.7523778, 25.3319078], "Belarus": [53.4250605, 27.6971358], "Georgia": [32.3293809, -83.1137366], "Latvia": [56.8406494, 24.7537645], "Sweden": [59.6749712, 14.5208584], "Denmark": [55.670249, 10.3333283], "Belgium": [50.6402809, 4.6667145], "Pakistan": [30.3308401, 71.247499], "Bhutan": [27.549511, 90.5119273], "India": [22.3511148, 78.6677428], "Afghanistan": [33.7680065, 66.2385139], "Congo": [-0.7264327, 15.6419155], "Rwanda": [-1.9646631, 30.0644358], "Ethiopia": [10.2116702, 38.6521203], "North Korea": [40.3736611, 127.0870417], "Vietnam": [13.2904027, 108.4265113], "Antarctica": [-79.4063075, 0.3149312], "Thailand": [14.8971921, 100.83273], "Singapore": [1.2904753, 103.8520359], "Saudi Arabia": [25.6242618, 42.3528328], "Canada": [61.0666922, -107.9917071], "Kazakhstan": [47.2286086, 65.2093197], "Kenya": [1.4419683, 38.4313975], "Cuba": [23.0131338, -80.8328748], "Colombia": [2.8894434, -73.783892], "Netherlands": [52.2379891, 5.53460738161551], "Switzerland": [46.7985624, 8.2319736], "Kosovo": [42.5869578, 20.9021231], "Serbia": [44.1534121, 20.55144], "Yemen": [16.3471243, 47.8915271], "Somalia": [8.3676771, 49.083416], "Japan": [36.5748441, 139.2394179], "South Korea": [36.5581914, 127.9408564], "Vanuatu": [-16.5255069, 168.1069154], "Philippines": [12.7503486, 122.7312101], "Egypt": [26.2540493, 29.2675469], "Puerto Rico": [18.22141715, -66.4132818505648], "Norway": [64.5731537, 11.5280364395482], "Tlahuelilpan, Mexico": [20.13051425, -99.2037187799136], "London": [51.5073219, -0.1276474], "Rome": [41.894802, 12.4853384], "Gdansk, Poland": [54.347629, 18.6452324], "Rosarito, Mexico": [32.3648126, -117.0556261], "Taipei, Taiwan": [25.0375198, 121.5636796], "Ankara, Turkey": [39.9215219, 32.8537929], "Kukas, Latvia": [56.8614315, 25.2305566], "Wiltingen, Germany": [49.6591723, 6.590185], "Kochi, India": [9.9633864, 76.2536614], "Paris": [48.8566101, 2.3514992], "Kinshasa, Democratic Republic Of Congo": [-4.3217055, 15.3125974], "Melbourne, Australia": [-37.8142176, 144.9631608], "Tokyo": [35.6828387, 139.7594549], "Stockholm": [59.3251172, 18.0710935], "Nairobi, Kenya": [-1.2832533, 36.8172449], "Beirut": [33.8959203, 35.47843], "Istanbul": [41.0096334, 28.9651646], "Chicago": [41.8755616, -87.6244212], "Washington": [38.8950092, -77.0365625], "Boone, Iowa": [42.0171798, -93.9254114], "Athens": [33.9597677, -83.376398], "Greece": [38.9953683, 21.9877132], "Macedonia": [41.6171214, 21.7168387]}